year,population,kinneret_level_m,tot_water_produced_million_m3,tot_water_produced_without_desalination_million_m3,tot_water_produced_without_water_reuse_million_m3,tot_water_produced_without_water_reuse_and_desalination_million_m3,total_produced_by_wells_milion_m3,produced_by_kinneret_milion_m3,total_produced_by_upper_water_milion_m3,produced_by_effluents_milion_m3,water_desalination_mcm,ashdod_mcm/y,sorek_mcm/y,hadera_mcm/y,palmachim_mcm/y,ashkelon_mcm/y,total_water_consumed_milion_m3,domestic_milion_m3,industrial_milion_m3,agricultural_milion_m3,water_for_the_environment_milion_m3,other_suppliers,average_maximum_temperatue,average_minimum_temperatue,mean_annual_temperature,annual_total_wet-day_precipitation_mm,extremely_wet_days_mm,simple_daily_intensity_index_mm/day,drought_index,water_tarif_for_citizens_nis,desalinated_water_cost_for_goverment_nis,water_tarif_to_desalination_plants_nis,tarif_domestic_use_initial_cubic_meter_nis/m3,tarif_domestic_use_additional_cubic_meter_nis/m3,tarif_agricultural_use_treated_waternis/m3,tarif_agricultural_use_saline_waternis/m3,tarif_industrial_use_initial_ratenis/m3,tarif_public_gardening_base_ratenis/m3,tarif__public_gardening_excess_ratenis/m3,electricity_price_nis/kwh,energy_consumed_for_production_desalinated_water_kwh_fixed_price_per_m3,energy_used_per_desalinated_water_kwh,total_t.o.e._electricty_consumed,total_electricity_consumed_in_israel_kwh,grid_dependency_of_water_sector_%,backup_/_renewable_energy_fraction_%,conflict_disruption_%_supply_lost,conflict_scenario_flag_y/n,population_displacement_persons_or_%,conflict_severity_index_0-3,conflict_start_year_yyyy,conflict_duration_years,cyber_attack_downtime_days/year_or_%_time,cybersecurity_scenario_flag_y/n,cyber_incident_frequency_incidents/year,cyber_threat_level_index_0-3,attack_attempt_frequency_attempts/year,attack_success_probability_%,"household_income_low-income,_nis/year",affordability_threshold_%_income,new_desal_capacity_mÂ³/day_or_mcm/year,commissioning_year_yyyy,plant_location_/_region_id,scenario_crisis_combination_label,supply_reliability_%,resilience_index_dimensionless,shortfall_severity_mcm_or_%_demand,mean_recovery_time_days,impairment_of_functional_continuity,intrusion_into_computer_systems,weaknesses_in_a_computer_system,water_produced_by_desalination_mcm,total_water_produced_by_wells_mcm,total_water_produced_by_kinneret_mcm,total_water_produced_by_effluents_mcm,domestic_consumption_mcm,industrial_water_consumption_mcm,agricultural_water_consumption_mcm,water_for_environment_mcm,other_supplier_mcm,total_supply,total_demand,supply_gap,reliability_percent,wsi,ddr
1959,2088700.0,,,,,,,,,,,,,,,,1274.0,192.0,50.0,1087.0,,,25.19,13.43,19.31,350.4,8.6,8.9,,,,,,,,,,,,,,,,,,,,,,,,,,,,,,,,,,,,,,,,,,,,,,,,192.0,50.0,1087.0,,,,1274.0,,,,
1960,2150400.0,,,,,,,,,,,,,,,,1230.0,187.0,50.0,1087.0,,,27.08,14.91,21.0,263.5,17.9,8.5,,,,,,,,,,,,,,,,,,,,,,,,,,,,,,,,,,,,,,,,,,,,,,,,187.0,50.0,1087.0,,,,1230.0,,,,
1961,2234200.0,,,,,,,,,,,,,,,,1338.0,201.0,50.0,1087.0,,,25.57,13.89,19.73,432.3,16.1,10.2,,,,,,,,,,,,,,,,,,,,,,,,,,,,,,,,,,,,,,,,,,,,,,,,201.0,50.0,1087.0,,,,1338.0,,,,
1962,2331800.0,,,,,,,,,,,,,,,,1287.0,190.0,50.0,1047.0,,,26.88,14.77,20.82,424.2,47.7,11.0,,,,,,,,,,,,,,,,,,,,,,,,,,,,,,,,,,,,,,,,,,,,,,,,190.0,50.0,1047.0,,,,1287.0,,,,
1963,2430100.0,,,,,,,,,,,,,,,,1373.0,179.0,50.0,1144.0,,,26.49,14.69,20.59,306.3,11.6,9.0,,,,,,,,,,,,,,,,,,,,,,,,,,,,,,,,,,,,,,,,,,,,,,,,179.0,50.0,1144.0,,,,1373.0,,,,
1964,2525600.0,,,,,,,,,,,,,,,,1288.0,200.0,50.0,1038.0,,,25.16,13.4,19.28,580.7,52.2,11.2,,,,,,,,,,,,,,,,,,,,,,,,,,,,,,,,,,,,,,,,,,,,,,,,200.0,50.0,1038.0,,,,1288.0,,,,
1965,2598400.0,,1393.0,,,,,,,,,,,,,,1329.0,199.0,55.0,1075.0,,,25.81,13.94,19.88,570.1,77.8,12.8,,,,,,,,,,,,,,,,,,,,,,,,,,,,,,,,,,,,,,,,,,,,,,,,199.0,55.0,1075.0,,,1393.0,1329.0,64.0,100.0,,
1966,2657400.0,-210.36583333333337,,,,,,,,,,,,,,,1418.0,210.0,55.0,1153.0,,,26.55,14.5,20.52,339.1,12.8,9.9,,,,,,,,,,,,,,,,,,,,,,,,,,,,,,,,,,,,,,,,,,,,,,,,210.0,55.0,1153.0,,,,1418.0,,,,
1967,2776300.0,-209.1946666666667,,,,,,,,,,,,,,,1474.0,216.0,55.0,1203.0,,,24.72,13.48,19.1,597.5,41.2,11.9,,,,,,,,,,,,,,,,,,,,,,,,,,,,,,,,,,,,,,,,,,,,,,,,216.0,55.0,1203.0,,,,1474.0,,,,
1968,2841100.0,-209.30018518518517,,,,,,,,,,,,,,,1411.0,223.0,55.0,1133.0,,,25.61,14.22,19.91,446.4,13.5,9.2,,,,,,,,,,,,,,,,,,,,,,,,,,,,,,,,,,,,,,,,,,,,,,,,223.0,55.0,1133.0,,,,1411.0,,,,
1969,2929500.0,-209.0058695652174,,,,,,,,,,,,,,,1537.0,246.0,55.0,1236.0,,,25.79,14.57,20.18,580.3,36.1,11.4,,,,,,,,,,,,,,,,,,,,,,,,,,,,,,,,,,,,,,,,,,,,,,,,246.0,55.0,1236.0,,,,1537.0,,,,
1970,3022100.0,-209.4616,1711.0,,,,,,,,,,,,,,1564.0,241.0,75.0,1249.0,,,25.83,14.12,19.98,400.7,10.8,9.7,,,,,,,,,,,,,,,,,,,,,,,,,,,,,,,,,,,,,,,,,,,,,,,,241.0,75.0,1249.0,,,1711.0,1564.0,147.0,100.0,,
1971,3120700.0,-209.57673913043476,,,,,,,,,,,,,,,1659.0,265.0,75.0,1319.0,,,25.16,13.98,19.57,508.6,36.4,10.0,,,,,,,,,,,,,,,,,,,,,,,,,,,,,,,,,,,,,,,,,,,,,,,,265.0,75.0,1319.0,,,,1659.0,,,,
1972,3225000.0,-209.7309999999999,,,,,,,,,,,,,,,1565.0,280.0,75.0,1210.0,,,25.16,13.75,19.46,520.3,18.7,10.3,,,,,,,,,,,,,,,,,,,,,,,,,,,,,,,,,,,,,,,,,,,,,,,,280.0,75.0,1210.0,,,,1565.0,,,,
1973,3338200.0,-210.71499999999995,,,,,,,,,,,,,,,1676.0,304.0,75.0,1297.0,,,25.62,13.7,19.66,356.4,10.3,10.6,,,,,,,,,,,,,,,,,,,,,,,,,,,,,,,,,,,,,,,,,,,,,,,,304.0,75.0,1297.0,,,,1676.0,,,,
1974,3421600.0,-210.4357894736841,,,,,,,,,,,,,,,1565.0,310.0,75.0,1180.0,,,25.24,13.9,19.57,620.0,38.8,13.6,,,,,,,,,,,,,,,,,,,,,,,,,,,,,,,,,,,,,,,,,,,,,,,,310.0,75.0,1180.0,,,,1565.0,,,,
1975,3493200.0,-210.87924528301883,,,,,,,,,,,,,,,1596.0,314.0,75.0,1207.0,,,25.32,13.92,19.62,445.9,28.8,10.9,,,,,,,,,,,,,,,,,,,,,,,,,,,,,,,,,,,,,,,,,,,,,,,,314.0,75.0,1207.0,,,,1596.0,,,,
1976,3575400.0,-210.63625,,,,,,,,,,,,,,,1728.0,325.0,75.0,1328.0,,,25.16,13.93,19.54,392.1,2.6,7.7,,,,,,,,,,,,,,,,,,,,,,,,,,,,,,,,,,,,,,,,,,,,,,,,325.0,75.0,1328.0,,,,1728.0,,,,
1977,3653200.0,-210.16148648648644,,,,,,,,,,,,,,,1670.0,324.0,75.0,1271.0,,,25.58,14.04,19.81,498.3,28.3,10.8,,,,,,,,,,,,,,,,,,,,,,,,,,,,,,,,,,,,,,,,,,,,,,,,324.0,75.0,1271.0,,,,1670.0,,,,
1978,3737600.0,-209.53479999999993,,,,,,,,,,,,,,,1673.0,367.0,75.0,1231.0,,,25.95,13.96,19.96,430.3,19.7,12.0,,,,,,,,,,,,,,,,,,,,,,,,,,,,,,,,,,,,,,,,,,,,,,,,367.0,75.0,1231.0,,,,1673.0,,,,
1979,3836200.0,-210.734,,,,,,,,,,,,,,,1790.0,388.0,75.0,1327.0,,,26.21,14.69,20.45,316.6,16.8,9.4,,,,,,,,,,,,,,,,,,,,,,,,,,,,,,,,,,,,,,,,,,,,,,,,388.0,75.0,1327.0,,,,1790.0,,,,
1980,3921700.0,-209.79741935483875,1743.0,,,,,273.0,,,,,,,,,1700.0,375.0,90.0,1235.0,,,25.6,14.07,19.84,653.2,66.5,12.1,,,,,,,,,,,,,,,,,,,,,,,,,,,,,,,,,,,,,,,,,,,,,,273.0,,375.0,90.0,1235.0,,,1743.0,1700.0,43.0,100.0,,
1981,3977700.0,-209.49587301587297,,,,,,,,,,,,,,,1679.0,377.0,90.0,1212.0,,,25.5,14.15,19.83,478.2,49.3,11.1,,,,,,,,,,,,,,,,,,,,,,,,,,,,,,,,,,,,,,,,,,,,,,,,377.0,90.0,1212.0,,,,1679.0,,,,
1982,4063600.0,-210.51018181818185,,,,,,,,,,,,,,,1770.0,398.0,90.0,1282.0,,,24.93,13.55,19.24,356.4,11.2,8.3,,,,,,,,,,,,,,,,,,,,,,,,,,,,,,,,,,,,,,,,,,,,,,,,398.0,90.0,1282.0,,,,1770.0,,,,
1983,4118600.000000001,-210.1036923076923,,,,,,,,,,,,,,,1759.0,414.0,90.0,1255.0,,,24.71,13.37,19.04,629.2,31.2,11.7,,,,,,,,,,,,,,,,,,,,,,,,,,,,,,,,,,,,,,,,,,,,,,,,414.0,90.0,1255.0,,,,1759.0,,,,
1984,4199700.0,-210.09482142857135,,,,,,,,,,,,,,,1878.0,432.0,90.0,1356.0,,,25.53,13.74,19.63,340.9,13.2,9.7,,,,,,,,,,,,,,,,,,,,,,,,,,,,,,,,,,,,,,,,,,,,,,,,432.0,90.0,1356.0,,,,1878.0,,,,
1985,4266200.0,-210.4993749999999,,,,,,,,,,,,,,,1920.0,441.0,90.0,1389.0,,,25.97,14.28,20.12,395.3,27.7,12.6,,,,,,,,,,,,,,,,,,,,,,,,,,,,,,,,,,,,,,,,,,,,,,,,441.0,90.0,1389.0,,,,1920.0,,,,
1986,4331300.0,-211.6545833333334,,,,,,,,,,,,,,,1987.0,463.0,90.0,1434.0,,,25.52,14.21,19.87,335.6,23.4,9.6,,,,,,,,,,,,,,,,,,,,,,,,,,,,,,,,,,,,,,,,,,,,,,,,463.0,90.0,1434.0,,,,1987.0,,,,
1987,4406500.0,-210.34888888888895,,,,,,,,,,,,,,,1560.0,445.0,90.0,1025.0,,,25.54,14.02,19.78,558.1,52.5,10.5,,,,,,,,,,,,,,,,,,,,,,,,,,,,,,,,,,,,,,,,,,,,,,,,445.0,90.0,1025.0,,,,1560.0,,,,
1988,4476800.0,-209.6261111111111,,,,,,,,,,,,,,,1749.0,480.0,90.0,1179.0,,,25.65,14.41,20.03,561.9,26.3,10.1,,,,,,,,,,,,,,,,,,,,,,,,,,,,,,,,,,,,,,,,,,,,,,,,480.0,90.0,1179.0,,,,1749.0,,,,
1989,4559600.0,-211.04016949152543,,,,,,,,,,,,,,,1768.0,498.0,90.0,1180.0,,,25.81,13.89,19.85,387.0,6.7,10.2,,,,,,,,,,,,,,,,,,,,,,,,,,,,,,,,,,,,,,,,,,,,,,,,498.0,90.0,1180.0,,,,1768.0,,,,
1990,4821700.0,-212.01650000000004,1939.0,,1780.0,1780.0,1126.0,153.0,501.0,159.0,,,,,,,1804.0,439.0,106.0,1216.0,,,25.89,14.33,20.11,462.4,37.0,10.3,,,,,,,,,,,,,3.5,,,,,,,,,1.0,,,,,,,,,,,,,,,,,,,,,,,1126.0,153.0,159.0,439.0,106.0,1216.0,,,1939.0,1804.0,135.0,100.0,1.4104769351055513,
1991,5058800.0,-212.39713692946063,1944.7,,1774.7,1774.7,1119.0,160.7,495.0,170.0,,,,,,,1484.0,515.0,106.0,939.0,,,25.61,14.6,20.1,385.4,37.9,11.0,,,,,2.32,3.42,1.1,0.36,4.97,0.36,0.96,,3.5,,,,,,,,,2.0,,,,,,,,,,,,,,,,,,,,,,,1119.0,160.7,170.0,515.0,106.0,939.0,,,1944.7,1484.0,460.70000000000005,100.0,1.1596467922169258,
1992,5195900.0,-209.40668393782383,1950.4,,1769.4,1769.4,1112.0,168.4,489.0,181.0,,,,,,,1617.0,512.0,106.0,996.0,,,24.5,13.59,19.05,910.0,170.8,15.1,,,,,2.53,3.75,1.2,0.36,5.44,0.36,0.96,,3.5,,,,,,,,,1.0,,,,,,,,,,,,,,,,,,,,,,,1112.0,168.4,181.0,512.0,106.0,996.0,,,1950.4,1617.0,333.4000000000001,100.0,1.2628865979381443,
1993,5327600.0,-209.1663380281692,1956.1,,1764.1,1764.1,1105.0,176.1,483.0,192.0,,,,,,,1793.0,544.0,106.0,1175.0,,,25.77,14.1,19.94,525.3,40.3,12.2,,,,,2.53,3.75,1.38,0.36,5.44,0.36,0.96,,3.5,,,,,,,,,2.0,1993.0,3.0,,,,,,,,,,,,,,,,,,,,,1105.0,176.1,192.0,544.0,106.0,1175.0,,,1956.1,1793.0,163.0999999999999,100.0,1.3995784872375303,
1994,5471500.0,-209.77825174825168,1961.8,,1758.8,1758.8,1098.0,183.8,477.0,203.0,,,,,,,1840.0,464.0,106.0,1190.0,,,26.07,15.03,20.55,336.3,9.5,9.1,,,,,2.53,3.75,1.5,0.36,5.44,0.36,0.96,,3.5,,,,,,,,,1.0,1993.0,3.0,,,,,,,,,,,,,,,,,,,,,1098.0,183.8,203.0,464.0,106.0,1190.0,,,1961.8,1840.0,121.79999999999995,100.0,1.4354813543454517,
1995,5612300.0,-209.8398013245033,1967.5,,1753.5,1753.5,1091.0,191.5,471.0,214.0,,,,,,,1983.0,602.0,106.0,1275.0,,,25.84,14.15,20.0,574.3,86.2,12.3,,,,,2.69,3.99,1.6,0.36,5.78,0.36,0.96,,3.5,,2340329.1,27218027433.0,,,,,,1.0,1993.0,3.0,,,,,,,,,,,,,,,,,,,,,1091.0,191.5,214.0,602.0,106.0,1275.0,,,1967.5,1983.0,-15.5,99.21835602622289,1.5461988304093568,
1996,5757900.0,-210.43891304347832,1973.2,,1748.2,1748.2,1084.0,199.2,465.0,225.0,,,,,,,2013.0,622.0,106.0,1285.0,,,26.07,14.84,20.45,439.3,20.6,9.7,,,,,2.69,3.99,1.62,0.36,5.78,0.36,0.96,,3.5,,2401044.3,27924145208.999996,,,,,,2.0,,,,,,,,,,,,,,,,,,,,,,,1084.0,199.2,225.0,622.0,106.0,1285.0,,,1973.2,2013.0,-39.799999999999955,98.02285146547442,1.5687344139650872,
1997,5900000.0,-211.1211510791366,1978.9,,1742.9,1742.9,1077.0,206.9,459.0,236.0,,,,,,,2008.0,638.0,106.0,1264.0,,,25.49,14.15,19.82,481.2,59.1,10.2,,,,,2.69,3.99,1.66,0.36,5.78,0.36,0.96,,3.5,,2460300.0,28613289000.0,,,,,,1.0,,,,,,,,,,,,,,,,,,,,,,,1077.0,206.9,236.0,638.0,106.0,1264.0,,,1978.9,2008.0,-29.09999999999991,98.55079681274901,1.5639847340135524,
1998,6041400.0,-211.48684563758388,1984.6,,1737.6,1737.6,1070.0,214.6,453.0,247.0,,,,,,,2166.0,695.0,106.0,1365.0,,,26.67,15.25,20.96,464.2,16.8,9.7,,,,,2.69,3.99,1.92,0.36,5.78,0.36,0.96,,3.5,,2519263.8,29299037993.999996,,,,,,1.0,,,,,,,,,,,,,,,,,,,,,,,1070.0,214.6,247.0,695.0,106.0,1365.0,,,1984.6,2166.0,-181.4000000000001,91.62511542012926,1.68612797758057,
1999,6209100.0,-212.4154651162791,1990.3,,1732.3,1732.3,1063.0,222.3,447.0,258.0,,,,,,,2073.0,703.0,106.0,1264.0,,,26.76,15.05,20.91,215.7,5.9,8.0,,,,,3.19,4.49,2.28,0.36,6.28,0.36,0.96,,3.5,,2589194.6999999997,30112334360.999996,,,,,,1.0,,,,,,,,,,,,,,,,,,,,,,,1063.0,222.3,258.0,703.0,106.0,1264.0,,,1990.3,2073.0,-82.70000000000005,96.01061263868789,1.6128530304209134,
2000,6369300.0,-212.92441624365475,1996.0,,1727.0,1727.0,1056.0,230.0,441.0,269.0,,,,,,,1924.0,662.0,124.0,1138.0,,,25.84,14.58,20.21,377.7,39.5,10.7,,,,,3.19,4.49,2.44,0.36,6.28,0.36,0.96,,3.5,,2655998.1,30889257903.0,,,,,,2.0,2000.0,5.0,,,,,,,,,,,,,,,,,,,,,1056.0,230.0,269.0,662.0,124.0,1138.0,,,1996.0,1924.0,72.0,100.0,1.4961119751166407,
2001,6508800.0,-213.86822314049587,2013.4,,1731.2,1731.2,1021.4,264.2,441.6,282.2,,,,,,,1800.0,654.0,124.0,1022.0,,,26.76,15.2,20.98,391.2,27.3,10.2,,,,,3.53,4.85,2.5,0.36,6.67,0.36,0.96,,3.5,,2714169.6,31565792448.0,,,,,,2.0,2000.0,5.0,,,,,,,,,,,,,,,,,,,,,1021.4,264.2,282.2,654.0,124.0,1022.0,,,2013.4,1800.0,213.4000000000001,100.0,1.4001244555071564,
2002,6631100.0,-213.90518218623495,2030.8,,1735.4,1735.4,986.8,298.4,442.2,295.4,,,,,,,1831.0,686.0,124.0,1021.0,,,26.53,15.2,20.86,529.7,64.5,12.4,,,,,3.46,4.75,2.52,0.36,6.52,0.36,0.96,41.8,3.5,,2765168.6999999997,32158911980.999996,,,,,,2.0,2000.0,5.0,,,,,,,,,,,,,,,,,,,,,986.8,298.4,295.4,686.0,124.0,1021.0,,,2030.8,1831.0,199.79999999999995,100.0,1.424680983504513,
2003,6748400.0,-210.9824899598393,2048.2,,1739.6,1739.6,952.2,332.6,442.8,308.6,,,,,,,1860.0,691.0,124.0,1045.0,,,26.26,15.11,20.68,653.7,65.2,11.1,,,,,4.01,5.51,3.09,0.36,7.59,0.36,0.96,42.52,3.5,,2814082.8,32727782963.999996,,,,,,2.0,2000.0,5.0,,,,,,,,,,,,,,,,,,,,,952.2,332.6,308.6,691.0,124.0,1045.0,,,2048.2,1860.0,188.19999999999982,100.0,1.4476961394769612,
2004,6869500.0,-209.82525270758123,2065.6,,1743.8,1743.8,917.6,366.8,443.4,321.8,,,,,,,1954.0,701.0,124.0,1129.0,,,26.27,14.74,20.5,403.5,18.7,10.5,,,,,4.1,5.65,3.15,0.36,7.78,0.36,0.96,48.2,3.5,,2864581.5,33315082845.0,,,,,,2.0,2000.0,5.0,,,,,,,,,,,,,,,,,,,,,917.6,366.8,321.8,701.0,124.0,1129.0,,,2065.6,1954.0,111.59999999999991,100.0,1.5213329180940516,
2005,6990700.0,-210.59806324110664,2083.0,2063.0,1748.0,1728.0,883.0,401.0,444.0,335.0,20.0,0.0,0.0,0.0,0.0,20.0,1961.0,715.0,120.0,1126.0,,,26.11,14.76,20.43,439.4,22.7,12.4,,,14000000.0,,,,,,,,,48.8,3.5,70000000.0,2915121.9,33902867697.0,0.2064722094473269,,,,,1.0,2006.0,,,,,,,,,,,,,,,,,,,,,20.0,883.0,401.0,335.0,715.0,120.0,1126.0,,,2083.0,1961.0,122.0,100.0,1.527258566978193,0.009601536245799328
2006,7116700.0,-211.38432170542632,2096.0,1996.0,1737.0,1637.0,986.0,242.0,409.0,359.0,100.0,0.0,0.0,0.0,0.0,100.0,1959.0,737.0,114.0,1108.0,,,25.94,14.61,20.27,410.9,27.8,10.0,,,70000000.0,,,,,,,,,47.97,3.5,350000000.0,2967663.9,34513931157.0,1.014083265125289,,,,,3.0,,,,,,,,,,,,,,,,,,,,,,100.0,986.0,242.0,359.0,737.0,114.0,1108.0,,,2096.0,1959.0,137.0,100.0,1.5952768729641693,0.04770992366412214
2007,7243600.0,-211.85499607843136,2199.0,2076.0,1812.0,1689.0,1064.0,224.0,401.0,387.0,123.0,0.0,0.0,20.0,15.0,105.0,2072.0,767.0,119.0,1186.0,,,26.3,15.09,20.7,428.1,34.1,10.5,,,98500000.0,,,,,,,,,51.86,3.5,430500000.0,3020581.1999999997,35129359356.0,1.225470682904645,,,,,1.0,2008.0,,,,,,,,,,,,,,,,,,,,,123.0,1064.0,224.0,387.0,767.0,119.0,1186.0,,,2199.0,2072.0,127.0,100.0,1.608695652173913,0.05593451568894952
2008,7412200.0,-213.0710080645162,2150.0,2008.0,1753.3333,1611.3333,988.0,205.0,379.6667,396.6667,142.0,0.0,0.0,120.0,30.0,112.0,2001.0,761.0,119.0,1121.0,,,26.73,15.11,20.92,305.6,23.1,10.3,,,180400000.0,,,,,,,,,56.29,3.5,497000000.0,3090887.4,35947020462.0,1.382590249796598,,,,,2.0,2008.0,,,,,,,,,,,,,,,,,,,,,142.0,988.0,205.0,396.6667,761.0,119.0,1121.0,,,2150.0,2001.0,149.0,100.0,1.6772841575859179,0.06604651162790698
2009,7552000.0,-213.92538602941187,2150.0,1980.0,1743.6667,1573.6667,912.0,186.0,358.3333,406.3333,170.0,0.0,0.0,127.0,37.0,113.0,1811.0,676.0,119.0,1016.0,,,26.61,15.32,20.97,363.8,34.1,9.6,,,191250000.0,,,,,,,,,52.08,3.5,595000000.0,3149184.0,36625009920.0,1.6245729388187429,,,,,2.0,,,,,,,,,,,,,,,,,,,,,,170.0,912.0,186.0,406.3333,676.0,119.0,1016.0,,,2150.0,1811.0,339.0,100.0,1.6493624772313298,0.07906976744186046
2010,7695100.0,-213.3509753086419,2020.0,1756.0,1604.0,1340.0,836.0,167.0,337.0,416.0,264.0,0.0,0.0,143.0,45.0,120.0,1919.0,689.0,130.0,1100.0,,,28.3,16.54,22.42,428.5,57.1,12.3,,,212950000.0,,,,,,,,,43.59,3.5,924000000.0,3208856.6999999997,37319003421.0,2.4759503612040468,,,,,1.0,,,,,,,,,,,,,,,,,,,,,,264.0,836.0,167.0,416.0,689.0,130.0,1100.0,,,2020.0,1919.0,101.0,100.0,1.913260219341974,0.1306930693069307
2011,7836600.0,-213.1475561797751,2038.5,1761.5,1617.5,1340.5,738.0,196.0,325.0,421.0,277.0,0.0,0.0,126.0,46.0,120.0,1831.0,665.0,124.0,1042.0,,,25.95,14.91,20.43,373.4,46.1,9.2,,,202700000.0,,,,,,,,,49.63,3.5,969500000.0,3267862.1999999997,38005237386.0,2.550964200416059,,,,,1.0,2012.0,,,,,,,,,,,,,,,,,,,,,277.0,738.0,196.0,421.0,665.0,124.0,1042.0,,,2038.5,1831.0,207.5,100.0,1.9603854389721627,0.1358842285994604
2012,7984500.0,-212.0821961325965,2057.0,1744.0,1631.0,1318.0,802.0,193.0,323.0,426.0,313.0,0.0,40.0,85.0,48.0,121.0,1902.0,694.0,123.0,1085.0,,1.0,26.8,15.6,21.2,476.6,19.0,10.7,,,199150000.0,,,,,,,,,53.91,3.5,1095500000.0,3329536.5,38722509495.0,2.8291038320784843,0.003,,,,2.0,,,,,,,,,,0.2025709219858156,,,,,,,,,,,,313.0,802.0,193.0,426.0,694.0,123.0,1085.0,,1.0,2057.0,1902.0,155.0,100.0,1.9115577889447237,0.15216334467671366
2013,8134500.0,-210.62489041095864,2106.0,1759.0,1643.0,1296.0,651.0,239.0,406.0,463.0,347.0,0.0,120.0,127.0,69.0,117.0,2076.1,733.7,138.3,1204.0,,1.0,26.97,15.48,21.23,494.1,97.8,13.1,,,282050000.0,,,,,,,,,55.61,3.5,1214500000.0,3392086.5,39449965995.0,3.0785831352907356,0.007,,,,1.0,2014.0,,,,,,,,,0.1709034024247164,,,,,,,,,,,,347.0,651.0,239.0,463.0,733.7,138.3,1204.0,,1.0,2106.0,2076.1,29.90000000000009,100.0,2.332696629213483,0.1647673314339981
2014,8296600.0,-211.84858904109623,2085.0,1724.0,1632.0,1271.0,801.0,125.0,345.0,453.0,361.0,0.0,150.0,127.0,65.0,80.0,2023.0,754.0,117.0,1122.0,30.0,1.0,27.26,15.48,21.37,353.5,82.1,15.5,,,268550000.0,,,,,,,,,,3.5,1263500000.0,3459682.1999999997,40236103986.0,3.1402145705748,0.015,,,,2.0,,,,,,,,,,,,,,,,,,,,,,361.0,801.0,125.0,453.0,754.0,117.0,1122.0,30.0,1.0,2085.0,2023.0,62.0,100.0,2.1846652267818576,0.17314148681055155
2015,8463400.0,-212.41819178082167,2152.0,1649.0,1676.0,1173.0,792.0,50.0,331.29425200000003,476.0,503.0,19.0,150.0,135.0,90.0,117.0,2047.0,893.0,0.0,1118.0,36.0,1.15,26.94,15.61,21.28,538.5,44.6,12.4,,,329530000.0,,,,,,,,,46.96,3.5,1760500000.0,3529237.8,41045035614.0,4.28919106455718,0.045,,,,1.0,,,,,,,,,,,,,,,,,,,,,,503.0,792.0,50.0,476.0,893.0,0.0,1118.0,36.0,1.15,2152.0,2047.0,105.0,100.0,2.4311163895486936,0.2337360594795539
2016,8628600.0,-213.02143715846984,2253.0,1710.4966920000002,1741.0,1198.4966920000002,868.0,24.1411,306.684399,512.0,542.503308,89.0,150.0,127.0,80.0,104.0,2215.0,933.0,0.0,1253.0,29.0,1.3,27.58,15.77,21.68,420.4,18.8,9.5,,,343630000.0,,,,,,,,,,3.5,1898761578.0,3598126.1999999997,41846207706.0,4.537475871983857,0.05,,,,1.0,,,,,,,,,,0.1055806938159879,,,,,,,,,,,,542.503308,868.0,24.1411,512.0,933.0,0.0,1253.0,29.0,1.3,2253.0,2215.0,38.0,100.0,2.4827911190281444,0.24079152596537948
2017,8797900.0,-213.59405479452056,2307.0,1721.0,1787.0,1201.0,861.5,34.0,305.0,520.0,586.0,84.0,158.0,135.0,91.0,119.0,2256.0,984.0,0.0,1249.0,23.0,1.0,27.14,15.2,21.17,319.4,31.9,9.8,,,369690000.0,,,,,,,,,48.68,3.5,2051000000.0,3668724.3,42667263609.0,4.806963996555367,0.058,,,,1.0,,,,,,,,,,0.1853429910524073,,,,,,,,,,,,586.0,861.5,34.0,520.0,984.0,0.0,1249.0,23.0,1.0,2307.0,2256.0,51.0,100.0,2.5192629815745393,0.2540095361941916
2018,8967600.0,-213.98234794520553,2271.0,1626.0,1757.0,1112.0,769.0,18.0,325.0,514.0,645.0,100.0,173.0,155.0,95.0,122.0,2206.0,1011.0,0.0,1173.0,22.0,10.0,,,,,,,,,404110000.0,,,,,,,,,48.44,3.5,2257500000.0,3739489.2,43490259396.0,5.1908175102943455,0.078,,,,1.0,,,,,,,,,,0.0808608441287087,,,,,,,,,,,,645.0,769.0,18.0,514.0,1011.0,0.0,1173.0,22.0,10.0,2271.0,2206.0,65.0,100.0,2.8030495552731893,0.28401585204755614
2019,9140500.0,-211.9606491712707,2318.0,1709.0,1773.0,1164.0,780.0,42.0,342.0,545.0,609.0,98.0,174.0,159.0,98.0,125.0,2238.0,1023.0,0.0,1191.0,24.0,15.7,,,,,,,,,410690000.0,,,,,,,,,49.32,3.5,2131500000.0,,64400000000.0,3.3097826086956523,0.115,,,,1.0,,,,,8600.0,,3233.0,,,0.0967741935483871,,,,,,,,,172.0,4128.0,602.0,609.0,780.0,42.0,545.0,1023.0,0.0,1191.0,24.0,15.7,2318.0,2238.0,80.0,100.0,2.7226277372262775,0.2627264883520276
2020,9289800.0,-209.61580332409991,2400.0,1824.0,1852.0,1276.0,705.0,221.0,350.0,548.0,576.0,94.0,152.0,137.0,88.0,115.0,2254.0,1030.0,0.0,1195.0,29.0,15.7,,,,,,,,,367870000.0,,,,,,,,,46.9,3.5,2016000000.0,,67099999999.99999,3.004470938897169,0.136,,,,1.0,2021.0,,,,9100.0,,1274.0,0.627,,0.089010989010989,,,,,,,,,182.0,273.0,273.0,576.0,705.0,221.0,548.0,1030.0,0.0,1195.0,29.0,15.7,2400.0,2254.0,146.0,100.0,2.4341252699784017,0.24
2021,9453000.0,-209.8347388888889,2620.0,2087.0,2063.0,1530.0,927.0,218.0,385.0,557.0,533.0,87.0,131.0,132.0,78.0,104.0,2391.0,1063.0,0.0,1286.0,41.0,19.2,,,,,,,,,334360000.0,,,,,,,,,45.38,3.5,1865500000.0,,67099999999.99999,2.780178837555887,0.17,,,,2.0,2022.0,,,,11106.0,,3220.0,0.312,,0.0915303880888454,,,,,,,,,222.0,1776.0,666.0,533.0,927.0,218.0,557.0,1063.0,0.0,1286.0,41.0,19.2,2620.0,2391.0,229.0,100.0,2.0882096069868994,0.2034351145038168
2022,9662000.0,-209.76497198879545,2605.0,2065.0,2043.0,1503.0,913.0,188.0,402.0,562.0,540.0,84.0,134.0,133.0,78.0,104.0,2344.3,1090.9,0.0,1214.6,38.8,,,,,,,,,,335010000.0,,,,,,,,,51.73,3.5,1890000000.0,,70900000000.0,2.6657263751763045,0.212,,,0.0335059396893085,2.0,2023.0,,,,9108.0,,2823.0,0.6301,,0.0862954186413902,,,,,,,,,91.0,637.0,1092.0,540.0,913.0,188.0,562.0,1090.9,0.0,1214.6,38.8,,2605.0,2344.3,260.6999999999998,100.0,2.129246139872843,0.2072936660268714
2023,9990300.0,-210.69225290697665,2567.0,1980.4,1972.4,1385.8000000000002,924.8,159.3,301.59999999999997,594.6,586.6,86.0,156.0,139.0,90.0,119.0,2413.3,1108.2,0.0,1261.7,43.4,,,,,,,,,,371490000.0,,,,,,,,,51.34,3.5,2053100000.0,,71700000000.0,2.863458856345886,24.4,,,,3.0,2023.0,,,,13040.0,,3301.0,0.242,,,,,,,,,,,260.0,1695.0,1173.0,586.6,924.8,159.3,594.6,1108.2,0.0,1261.7,43.4,,2567.0,2413.3,153.69999999999982,100.0,2.2260861544138,0.2285157771717959
2024,,-210.2466814159292,,,,,,,,,,,,,,,,,,,,,,,,,,,,,,,,,,,,,,,3.5,,,74369000000.0,,27.2,,,,3.0,2023.0,,,,17078.0,,10084.0,0.5546,,,,,,,,,,,85.0,1195.0,1878.0,,,,,,,,,,,,,,,
2025,,,,,,,,,,,,,,,,,,,,,,,,,,,,,,,,,,,,,,,,,3.5,,,,,,,,,3.0,,,,,,,,,,,,,,,,,,,,,,,,,,,,,,,,,,,,
